normalized_name,source_id,h0_derived,sigma_measured_kms,sigma_measured_error_kms,sigma_measured_error_total_kms,sigma_inferred_kms,sigma_source,sigma_method,sigma_notes,aperture_radius_arcsec_assumed,beta_assumed,log_d25,r25_arcsec,r_eff_arcsec,r_eff_provenance,r_eff_frac_uncertainty_assumed
NGC 0691,N0691,69.87900951129924,107.5,,5.375,101.3752795154129,Ho 2007 (J/ApJ/668/94),stellar absorption,"{""hi_log2vm"": {""details"": {""log2vm"": 2.4700000286102295, ""mode"": ""calibrated_vmax"", ""pgc"": 6793}, ""error_kms"": null, ""method"": ""HI proxy (calibrated_vmax)"", ""source"": ""HyperLEDA HI (VII/238/hidat)"", ""value_kms"": 111.8417399823264}, ""ho2007"": {""details"": {""T"": 4.0, ""Vm"": 208.39999389648438, ""W50"": 327.29998779296875, ""bar"": ""N"", ""catalog"": ""J/ApJ/668/94/sample"", ""name"": ""NGC 691"", ""sep_arcsec"": 0.32401953151842666, ""sig0"": 107.5}, ""error_kms"": null, ""method"": ""stellar absorption"", ""source"": ""Ho 2007 (J/ApJ/668/94)"", ""value_kms"": 107.5}, ""leda_vdis"": {""details"": {""e_field"": ""e_vdis"", ""field"": ""vdis"", ""leda_obj"": ""PGC 6793""}, ""error_kms"": 21.8, ""method"": ""stellar absorption"", ""source"": ""HyperLEDA (ledacat.cgi)"", ""value_kms"": 102.5}}",1.5,0.04,,104.02104949951172,52.01052474975586,RC3 D25 via VizieR VII/155; proxy R_eff=0.5*R25,0.25
NGC 1015,N1015,73.18611526208682,106.5,6.6,8.48030807223417,101.5484288080592,HyperLEDA (ledacat.cgi),stellar absorption,"{""hi_log2vm"": {""details"": {""log2vm"": 2.1510000228881836, ""mode"": ""calibrated_vmax"", ""pgc"": 9988}, ""error_kms"": null, ""method"": ""HI proxy (calibrated_vmax)"", ""source"": ""HyperLEDA HI (VII/238/hidat)"", ""value_kms"": 75.98978650426166}, ""leda_vdis"": {""details"": {""e_field"": ""e_vdis"", ""field"": ""vdis"", ""leda_obj"": ""PGC 9988""}, ""error_kms"": 6.6, ""method"": ""stellar absorption"", ""source"": ""HyperLEDA (ledacat.cgi)"", ""value_kms"": 106.5}}",1.5,0.04,,78.90803527832031,39.45401763916016,RC3 D25 via VizieR VII/155; proxy R_eff=0.5*R25,0.25
NGC 105,N105A,63.67540291444687,56.70588235294118,,2.8352941176470594,55.94376801304348,HyperLEDA (ledacat.cgi),vrot/1.7 proxy,"{""leda_vrot_proxy"": {""details"": {""field"": ""vrot"", ""leda_obj"": ""PGC 212515"", ""vrot"": 96.4}, ""error_kms"": null, ""method"": ""vrot/1.7 proxy"", ""source"": ""HyperLEDA (ledacat.cgi)"", ""value_kms"": 56.70588235294118}}",1.5,0.04,,33.66054916381836,16.83027458190918,RC3 D25 via VizieR VII/155; proxy R_eff=0.5*R25,0.25
NGC 1309,N1309,67.8823504437809,82.0,26.7,27.0129598526337,78.76575664889279,HyperLEDA (ledacat.cgi),stellar absorption,"{""hi_log2vm"": {""details"": {""log2vm"": 2.069999933242798, ""mode"": ""calibrated_vmax"", ""pgc"": 12626}, ""error_kms"": null, ""method"": ""HI proxy (calibrated_vmax)"", ""source"": ""HyperLEDA HI (VII/238/hidat)"", ""value_kms"": 70.3648536908665}, ""leda_vdis"": {""details"": {""e_field"": ""e_vdis"", ""field"": ""vdis"", ""leda_obj"": ""PGC 12626""}, ""error_kms"": 26.7, ""method"": ""stellar absorption"", ""source"": ""HyperLEDA (ledacat.cgi)"", ""value_kms"": 82.0}}",1.5,0.04,,65.63285827636719,32.816429138183594,RC3 D25 via VizieR VII/155; proxy R_eff=0.5*R25,0.25
NGC 1365,N1365,78.64746822456247,151.39999389648438,,7.569999694824219,136.222692185725,Ho 2007 (J/ApJ/668/94),stellar absorption,"{""hi_log2vm"": {""details"": {""log2vm"": 2.559000015258789, ""mode"": ""calibrated_vmax"", ""pgc"": 13179}, ""error_kms"": null, ""method"": ""HI proxy (calibrated_vmax)"", ""source"": ""HyperLEDA HI (VII/238/hidat)"", ""value_kms"": 127.51474310212015}, ""ho2007"": {""details"": {""T"": 3.0999999046325684, ""Vm"": 192.60000610351562, ""W50"": 369.79998779296875, ""bar"": ""Y"", ""catalog"": ""J/ApJ/668/94/sample"", ""name"": ""NGC 1365"", ""sep_arcsec"": 2.307045843116239, ""sig0"": 151.39999389648438}, ""error_kms"": null, ""method"": ""stellar absorption"", ""source"": ""Ho 2007 (J/ApJ/668/94)"", ""value_kms"": 151.39999389648438}, ""leda_vdis"": {""details"": {""e_field"": ""e_vdis"", ""field"": ""vdis"", ""leda_obj"": ""PGC 13179""}, ""error_kms"": 18.7, ""method"": ""stellar absorption"", ""source"": ""HyperLEDA (ledacat.cgi)"", ""value_kms"": 141.1}}",1.5,0.04,,336.6054992675781,168.30274963378906,RC3 D25 via VizieR VII/155; proxy R_eff=0.5*R25,0.25
NGC 1559,N1559,62.26708970400636,72.62999725341797,,3.6314998626708985,68.49196532808296,ApJ 929:84 (VizieR J/ApJ/929/84),stellar absorption,"{""apj929_84"": {""details"": {""Name"": ""NGC1559"", ""Sigma"": 72.62999725341797, ""catalog"": ""J/ApJ/929/84/sample"", ""sep_arcsec"": 0.37006005580430773}, ""error_kms"": null, ""method"": ""stellar absorption"", ""source"": ""ApJ 929:84 (VizieR J/ApJ/929/84)"", ""value_kms"": 72.62999725341797}, ""hi_log2vm"": {""details"": {""log2vm"": 2.380000114440918, ""mode"": ""calibrated_vmax"", ""pgc"": 14814}, ""error_kms"": null, ""method"": ""HI proxy (calibrated_vmax)"", ""source"": ""HyperLEDA HI (VII/238/hidat)"", ""value_kms"": 98.94376341902375}, ""leda_vrot_proxy"": {""details"": {""field"": ""vrot"", ""leda_obj"": ""PGC 14814"", ""vrot"": 134.3}, ""error_kms"": null, ""method"": ""vrot/1.7 proxy"", ""source"": ""HyperLEDA (ledacat.cgi)"", ""value_kms"": 79.00000000000001}}",1.5,0.04,,104.02104949951172,52.01052474975586,RC3 D25 via VizieR VII/155; proxy R_eff=0.5*R25,0.25
NGC 2442,N2442,74.5065826651004,144.1558096642322,,7.20779048321161,133.46142202191885,HyperLEDA HI (VII/238/hidat),HI proxy (calibrated_vmax),"{""hi_log2vm"": {""details"": {""log2vm"": 2.63700008392334, ""mode"": ""calibrated_vmax"", ""pgc"": 21373}, ""error_kms"": null, ""method"": ""HI proxy (calibrated_vmax)"", ""source"": ""HyperLEDA HI (VII/238/hidat)"", ""value_kms"": 144.1558096642322}, ""leda_vrot_proxy"": {""details"": {""field"": ""vrot"", ""leda_obj"": ""PGC 21373"", ""vrot"": 226.7}, ""error_kms"": null, ""method"": ""vrot/1.7 proxy"", ""source"": ""HyperLEDA (ledacat.cgi)"", ""value_kms"": 133.35294117647058}}",1.5,0.04,,164.86227416992188,82.43113708496094,RC3 D25 via VizieR VII/155; proxy R_eff=0.5*R25,0.25
NGC 2525,N2525,71.4727173231048,86.51095659398678,,4.325547829699339,82.18540746649323,HyperLEDA HI (VII/238/hidat),HI proxy (calibrated_vmax),"{""hi_log2vm"": {""details"": {""log2vm"": 2.2709999084472656, ""mode"": ""calibrated_vmax"", ""pgc"": 22721}, ""error_kms"": null, ""method"": ""HI proxy (calibrated_vmax)"", ""source"": ""HyperLEDA HI (VII/238/hidat)"", ""value_kms"": 86.51095659398678}, ""leda_vrot_proxy"": {""details"": {""field"": ""vrot"", ""leda_obj"": ""PGC 22721"", ""vrot"": 126.8}, ""error_kms"": null, ""method"": ""vrot/1.7 proxy"", ""source"": ""HyperLEDA (ledacat.cgi)"", ""value_kms"": 74.58823529411765}}",1.5,0.04,,86.52095031738281,43.260475158691406,RC3 D25 via VizieR VII/155; proxy R_eff=0.5*R25,0.25
NGC 2608,N2608,76.42344785294902,86.61143545918993,,4.330571772959497,83.04219771981289,HyperLEDA HI (VII/238/hidat),HI proxy (calibrated_vmax),"{""hi_log2vm"": {""details"": {""log2vm"": 2.2720000743865967, ""mode"": ""calibrated_vmax"", ""pgc"": 24111}, ""error_kms"": null, ""method"": ""HI proxy (calibrated_vmax)"", ""source"": ""HyperLEDA HI (VII/238/hidat)"", ""value_kms"": 86.61143545918993}, ""leda_vrot_proxy"": {""details"": {""field"": ""vrot"", ""leda_obj"": ""PGC 24111"", ""vrot"": 104.3}, ""error_kms"": null, ""method"": ""vrot/1.7 proxy"", ""source"": ""HyperLEDA (ledacat.cgi)"", ""value_kms"": 61.35294117647059}}",1.5,0.04,,68.72603607177734,34.36301803588867,RC3 D25 via VizieR VII/155; proxy R_eff=0.5*R25,0.25
NGC 3021,N3021,67.06873529200342,57.29999923706055,,2.8649999618530275,55.75428035953865,Ho 2007 (J/ApJ/668/94),stellar absorption,"{""hi_log2vm"": {""details"": {""log2vm"": 2.3570001125335693, ""mode"": ""calibrated_vmax"", ""pgc"": 28357}, ""error_kms"": null, ""method"": ""HI proxy (calibrated_vmax)"", ""source"": ""HyperLEDA HI (VII/238/hidat)"", ""value_kms"": 96.05453877379752}, ""ho2007"": {""details"": {""T"": 4.0, ""Vm"": 126.0999984741211, ""W50"": 243.1999969482422, ""bar"": ""N"", ""catalog"": ""J/ApJ/668/94/sample"", ""name"": ""NGC 3021"", ""sep_arcsec"": 0.6241073739471662, ""sig0"": 57.29999923706055}, ""error_kms"": null, ""method"": ""stellar absorption"", ""source"": ""Ho 2007 (J/ApJ/668/94)"", ""value_kms"": 57.29999923706055}, ""leda_vdis"": {""details"": {""e_field"": ""e_vdis"", ""field"": ""vdis"", ""leda_obj"": ""PGC 28357""}, ""error_kms"": 24.5, ""method"": ""stellar absorption"", ""source"": ""HyperLEDA (ledacat.cgi)"", ""value_kms"": 55.7}}",1.5,0.04,,47.54679870605469,23.773399353027344,RC3 D25 via VizieR VII/155; proxy R_eff=0.5*R25,0.25
NGC 3147,N3147,77.92622844007276,219.8000030517578,8.699999809265137,14.016779231874036,206.32473309766192,Ho+2009 (J/ApJS/183/1),stellar absorption,"{""bassdr2"": {""details"": {""SimbadName"": ""NGC3147"", ""catalog"": ""J/ApJS/261/6/best"", ""e_sigma"": 6.0, ""e_sigmaCaT"": 6.0, ""e_sigmaS"": 6.0, ""sep_arcsec"": 0.014640200306944533, ""sigma"": 247.0, ""sigmaCaT"": 232.0, ""sigmaS"": 247.0}, ""error_kms"": 6.0, ""method"": ""stellar absorption"", ""source"": ""BASS DR2 (Koss+2022; J/ApJS/261/6)"", ""value_kms"": 247.0}, ""hi_log2vm"": {""details"": {""log2vm"": 2.5320000648498535, ""mode"": ""calibrated_vmax"", ""pgc"": 30019}, ""error_kms"": null, ""method"": ""HI proxy (calibrated_vmax)"", ""source"": ""HyperLEDA HI (VII/238/hidat)"", ""value_kms"": 122.41632416411471}, ""ho2009"": {""details"": {""LEDA"": ""LEDA"", ""NED"": ""NED"", ""Simbad"": ""Simbad"", ""catalog"": ""J/ApJS/183/1/table1"", ""l_sig"": """", ""matched_row"": 0, ""table_name"": ""NGC 3147""}, ""error_kms"": 8.699999809265137, ""method"": ""stellar absorption"", ""source"": ""Ho+2009 (J/ApJS/183/1)"", ""value_kms"": 219.8000030517578}, ""leda_vdis"": {""details"": {""e_field"": ""e_vdis"", ""field"": ""vdis"", ""leda_obj"": ""PGC 30019""}, ""error_kms"": 7.4, ""method"": ""stellar absorption"", ""source"": ""HyperLEDA (ledacat.cgi)"", ""value_kms"": 223.9}}",1.5,0.04,,116.71355438232422,58.35677719116211,RC3 D25 via VizieR VII/155; proxy R_eff=0.5*R25,0.25
NGC 3254,N3254,64.2356611473903,117.8000030517578,4.099999904632568,7.1764964303950185,109.46339140154012,Ho+2009 (J/ApJS/183/1),stellar absorption,"{""hi_log2vm"": {""details"": {""log2vm"": 2.565999984741211, ""mode"": ""calibrated_vmax"", ""pgc"": 30895}, ""error_kms"": null, ""method"": ""HI proxy (calibrated_vmax)"", ""source"": ""HyperLEDA HI (VII/238/hidat)"", ""value_kms"": 128.889112325422}, ""ho2007"": {""details"": {""T"": 4.0, ""Vm"": 185.5, ""W50"": 401.79998779296875, ""bar"": ""N"", ""catalog"": ""J/ApJ/668/94/sample"", ""name"": ""NGC 3254"", ""sep_arcsec"": 0.026417463671413167, ""sig0"": 117.80000305175781}, ""error_kms"": null, ""method"": ""stellar absorption"", ""source"": ""Ho 2007 (J/ApJ/668/94)"", ""value_kms"": 117.80000305175781}, ""ho2009"": {""details"": {""LEDA"": ""LEDA"", ""NED"": ""NED"", ""Simbad"": ""Simbad"", ""catalog"": ""J/ApJS/183/1/table1"", ""l_sig"": """", ""matched_row"": 0, ""table_name"": ""NGC 3254""}, ""error_kms"": 4.099999904632568, ""method"": ""stellar absorption"", ""source"": ""Ho+2009 (J/ApJS/183/1)"", ""value_kms"": 117.80000305175781}, ""leda_vdis"": {""details"": {""e_field"": ""e_vdis"", ""field"": ""vdis"", ""leda_obj"": ""PGC 30895""}, ""error_kms"": 5.8, ""method"": ""stellar absorption"", ""source"": ""HyperLEDA (ledacat.cgi)"", ""value_kms"": 129.9}}",1.5,0.04,,150.35618591308594,75.17809295654297,RC3 D25 via VizieR VII/155; proxy R_eff=0.5*R25,0.25
NGC 3370,N3370,65.72016878546148,94.5999984741211,9.399999618530272,10.522969737988822,89.53951311106145,Ho+2009 (J/ApJS/183/1),stellar absorption,"{""hi_log2vm"": {""details"": {""log2vm"": 2.390000104904175, ""mode"": ""calibrated_vmax"", ""pgc"": 32207}, ""error_kms"": null, ""method"": ""HI proxy (calibrated_vmax)"", ""source"": ""HyperLEDA HI (VII/238/hidat)"", ""value_kms"": 100.24846702632317}, ""ho2007"": {""details"": {""T"": 5.0, ""Vm"": 134.1999969482422, ""W50"": 266.1000061035156, ""bar"": ""N"", ""catalog"": ""J/ApJ/668/94/sample"", ""name"": ""NGC 3370"", ""sep_arcsec"": 0.49168389497191406, ""sig0"": 48.0}, ""error_kms"": null, ""method"": ""stellar absorption"", ""source"": ""Ho 2007 (J/ApJ/668/94)"", ""value_kms"": 48.0}, ""ho2009"": {""details"": {""LEDA"": ""LEDA"", ""NED"": ""NED"", ""Simbad"": ""Simbad"", ""catalog"": ""J/ApJS/183/1/table1"", ""l_sig"": """", ""matched_row"": 0, ""table_name"": ""NGC 3370""}, ""error_kms"": 9.399999618530273, ""method"": ""stellar absorption"", ""source"": ""Ho+2009 (J/ApJS/183/1)"", ""value_kms"": 94.5999984741211}, ""leda_vdis"": {""details"": {""e_field"": ""e_vdis"", ""field"": ""vdis"", ""leda_obj"": ""PGC 32207""}, ""error_kms"": 9.9, ""method"": ""stellar absorption"", ""source"": ""HyperLEDA (ledacat.cgi)"", ""value_kms"": 92.4}}",1.5,0.04,,94.86833190917967,47.43416595458984,RC3 D25 via VizieR VII/155; proxy R_eff=0.5*R25,0.25
NGC 3447,N3447,56.939791119634044,67.77873663823307,,3.3889368319116535,63.74073505607704,HyperLEDA HI (VII/238/hidat),HI proxy (calibrated_vmax),"{""hi_log2vm"": {""details"": {""log2vm"": 2.0269999504089355, ""mode"": ""calibrated_vmax"", ""pgc"": 32694}, ""error_kms"": null, ""method"": ""HI proxy (calibrated_vmax)"", ""source"": ""HyperLEDA HI (VII/238/hidat)"", ""value_kms"": 67.77873663823307}, ""leda_vrot_proxy"": {""details"": {""field"": ""vrot"", ""leda_obj"": ""PGC 32694"", ""vrot"": 46.5}, ""error_kms"": null, ""method"": ""vrot/1.7 proxy"", ""source"": ""HyperLEDA (ledacat.cgi)"", ""value_kms"": 27.35294117647059}}",1.5,0.04,,111.46057891845705,55.73028945922851,RC3 D25 via VizieR VII/155; proxy R_eff=0.5*R25,0.25
NGC 3583,N3583,71.09208789414416,131.6999969482422,10.100000381469728,12.057040710560207,125.23028306008828,Ho+2009 (J/ApJS/183/1),stellar absorption,"{""hi_log2vm"": {""details"": {""log2vm"": 2.493000030517578, ""mode"": ""calibrated_vmax"", ""pgc"": 34232}, ""error_kms"": null, ""method"": ""HI proxy (calibrated_vmax)"", ""source"": ""HyperLEDA HI (VII/238/hidat)"", ""value_kms"": 115.58958157709448}, ""ho2007"": {""details"": {""T"": 3.0999999046325684, ""Vm"": 215.5, ""W50"": 359.70001220703125, ""bar"": ""Y"", ""catalog"": ""J/ApJ/668/94/sample"", ""name"": ""NGC 3583"", ""sep_arcsec"": 2.0447156917999108, ""sig0"": 142.89999389648438}, ""error_kms"": null, ""method"": ""stellar absorption"", ""source"": ""Ho 2007 (J/ApJ/668/94)"", ""value_kms"": 142.89999389648438}, ""ho2009"": {""details"": {""LEDA"": ""LEDA"", ""NED"": ""NED"", ""Simbad"": ""Simbad"", ""catalog"": ""J/ApJS/183/1/table1"", ""l_sig"": """", ""matched_row"": 0, ""table_name"": ""NGC 3583""}, ""error_kms"": 10.100000381469727, ""method"": ""stellar absorption"", ""source"": ""Ho+2009 (J/ApJS/183/1)"", ""value_kms"": 131.6999969482422}, ""leda_vdis"": {""details"": {""e_field"": ""e_vdis"", ""field"": ""vdis"", ""leda_obj"": ""PGC 34232""}, ""error_kms"": 7.0, ""method"": ""stellar absorption"", ""source"": ""HyperLEDA (ledacat.cgi)"", ""value_kms"": 131.4}, ""sdss"": {""details"": {""query_radius_arcsec"": 5.0, ""separation_arcsec"": 1.0153147638781557, ""z"": 10.82126}, ""error_kms"": 3.726674, ""method"": ""stellar absorption"", ""source"": ""SDSS (astroquery.sdss)"", ""value_kms"": 120.8712}}",1.5,0.04,,84.55149841308594,42.27574920654297,RC3 D25 via VizieR VII/155; proxy R_eff=0.5*R25,0.25
NGC 4038,N4038,80.66592711661461,107.39049067798273,,5.369524533899137,99.6068999195483,HyperLEDA HI (VII/238/hidat),HI proxy (calibrated_vmax),"{""hi_log2vm"": {""details"": {""log2vm"": 2.440999984741211, ""mode"": ""calibrated_vmax"", ""pgc"": 37967}, ""error_kms"": null, ""method"": ""HI proxy (calibrated_vmax)"", ""source"": ""HyperLEDA HI (VII/238/hidat)"", ""value_kms"": 107.39049067798273}, ""leda_vrot_proxy"": {""details"": {""field"": ""vrot"", ""leda_obj"": ""PGC 37967"", ""vrot"": 169.1}, ""error_kms"": null, ""method"": ""vrot/1.7 proxy"", ""source"": ""HyperLEDA (ledacat.cgi)"", ""value_kms"": 99.47058823529412}}",1.5,0.04,,157.4422607421875,78.72113037109375,RC3 D25 via VizieR VII/155; proxy R_eff=0.5*R25,0.25
NGC 4639,N4639,47.253953549809175,96.0,4.0,6.248199740725324,91.36814985353718,Ho+2009 (J/ApJS/183/1),stellar absorption,"{""hi_log2vm"": {""details"": {""log2vm"": 2.4189999103546143, ""mode"": ""calibrated_vmax"", ""pgc"": 42741}, ""error_kms"": null, ""method"": ""HI proxy (calibrated_vmax)"", ""source"": ""HyperLEDA HI (VII/238/hidat)"", ""value_kms"": 104.2064903397759}, ""ho2007"": {""details"": {""T"": 3.5, ""Vm"": 164.0, ""W50"": 281.79998779296875, ""bar"": ""Y"", ""catalog"": ""J/ApJ/668/94/sample"", ""name"": ""NGC 4639"", ""sep_arcsec"": 0.5911966235405277, ""sig0"": 87.0}, ""error_kms"": null, ""method"": ""stellar absorption"", ""source"": ""Ho 2007 (J/ApJ/668/94)"", ""value_kms"": 87.0}, ""ho2009"": {""details"": {""LEDA"": ""LEDA"", ""NED"": ""NED"", ""Simbad"": ""Simbad"", ""catalog"": ""J/ApJS/183/1/table1"", ""l_sig"": """", ""matched_row"": 0, ""table_name"": ""NGC 4639""}, ""error_kms"": 4.0, ""method"": ""stellar absorption"", ""source"": ""Ho+2009 (J/ApJS/183/1)"", ""value_kms"": 96.0}, ""leda_vdis"": {""details"": {""e_field"": ""e_vdis"", ""field"": ""vdis"", ""leda_obj"": ""PGC 42741""}, ""error_kms"": 4.0, ""method"": ""stellar absorption"", ""source"": ""HyperLEDA (ledacat.cgi)"", ""value_kms"": 90.6}}",1.5,0.04,,82.62686920166016,41.31343460083008,RC3 D25 via VizieR VII/155; proxy R_eff=0.5*R25,0.25
NGC 4680,N4680,80.16272242225394,102.67397940972218,,5.133698970486109,100.2729969909081,HyperLEDA HI (VII/238/hidat),HI proxy (calibrated_vmax),"{""hi_log2vm"": {""details"": {""log2vm"": 2.4079999923706055, ""mode"": ""calibrated_vmax"", ""pgc"": 43118}, ""error_kms"": null, ""method"": ""HI proxy (calibrated_vmax)"", ""source"": ""HyperLEDA HI (VII/238/hidat)"", ""value_kms"": 102.67397940972218}, ""leda_vrot_proxy"": {""details"": {""field"": ""vrot"", ""leda_obj"": ""PGC 43118"", ""vrot"": 94.5}, ""error_kms"": null, ""method"": ""vrot/1.7 proxy"", ""source"": ""HyperLEDA (ledacat.cgi)"", ""value_kms"": 55.588235294117645}}",1.5,0.04,,43.363189697265625,21.681594848632812,RC3 D25 via VizieR VII/155; proxy R_eff=0.5*R25,0.25
NGC 5468,N5468,65.90454721989774,67.6076848302315,,3.3803842415115755,64.46435840244573,HyperLEDA HI (VII/238/hidat),HI proxy (calibrated_vmax),"{""hi_log2vm"": {""details"": {""log2vm"": 2.0239999294281006, ""mode"": ""calibrated_vmax"", ""pgc"": 50323}, ""error_kms"": null, ""method"": ""HI proxy (calibrated_vmax)"", ""source"": ""HyperLEDA HI (VII/238/hidat)"", ""value_kms"": 67.6076848302315}, ""leda_vrot_proxy"": {""details"": {""field"": ""vrot"", ""leda_obj"": ""PGC 50323"", ""vrot"": 150.9}, ""error_kms"": null, ""method"": ""vrot/1.7 proxy"", ""source"": ""HyperLEDA (ledacat.cgi)"", ""value_kms"": 88.76470588235294}}",1.5,0.04,,78.90803527832031,39.45401763916016,RC3 D25 via VizieR VII/155; proxy R_eff=0.5*R25,0.25
NGC 5584,N5584,79.35838535956418,54.18593,9.634534,10.008223264999051,51.14581831770774,SDSS (astroquery.sdss),stellar absorption,"{""hi_log2vm"": {""details"": {""log2vm"": 2.2249999046325684, ""mode"": ""calibrated_vmax"", ""pgc"": 51344}, ""error_kms"": null, ""method"": ""HI proxy (calibrated_vmax)"", ""source"": ""HyperLEDA HI (VII/238/hidat)"", ""value_kms"": 82.13106521515476}, ""leda_vrot_proxy"": {""details"": {""field"": ""vrot"", ""leda_obj"": ""PGC 51344"", ""vrot"": 124.7}, ""error_kms"": null, ""method"": ""vrot/1.7 proxy"", ""source"": ""HyperLEDA (ledacat.cgi)"", ""value_kms"": 73.3529411764706}, ""sdss"": {""details"": {""query_radius_arcsec"": 5.0, ""separation_arcsec"": 0.8955527241501403, ""z"": 12.20652}, ""error_kms"": 9.634534, ""method"": ""stellar absorption"", ""source"": ""SDSS (astroquery.sdss)"", ""value_kms"": 54.18593}}",1.5,0.04,,101.65324401855467,50.826622009277344,RC3 D25 via VizieR VII/155; proxy R_eff=0.5*R25,0.25
NGC 5728,N5728,77.96496455698828,176.0,4.0,9.666436778875658,166.738644821125,BASS DR2 (Koss+2022; J/ApJS/261/6),stellar absorption,"{""bassdr2"": {""details"": {""SimbadName"": ""NGC5728"", ""catalog"": ""J/ApJS/261/6/best"", ""e_sigma"": 4.0, ""e_sigmaCaT"": 4.0, ""e_sigmaS"": 9.0, ""sep_arcsec"": 0.009040554731941564, ""sigma"": 176.0, ""sigmaCaT"": 176.0, ""sigmaS"": 176.0}, ""error_kms"": 4.0, ""method"": ""stellar absorption"", ""source"": ""BASS DR2 (Koss+2022; J/ApJS/261/6)"", ""value_kms"": 176.0}, ""hi_log2vm"": {""details"": {""log2vm"": 2.566999912261963, ""mode"": ""calibrated_vmax"", ""pgc"": 52521}, ""error_kms"": null, ""method"": ""HI proxy (calibrated_vmax)"", ""source"": ""HyperLEDA HI (VII/238/hidat)"", ""value_kms"": 129.08725186047218}, ""ho2007"": {""details"": {""T"": 1.2000000476837158, ""Vm"": 202.0, ""W50"": 389.0, ""bar"": ""Y"", ""catalog"": ""J/ApJ/668/94/sample"", ""name"": ""NGC 5728"", ""sep_arcsec"": 0.24821679715251538, ""sig0"": 210.0}, ""error_kms"": null, ""method"": ""stellar absorption"", ""source"": ""Ho 2007 (J/ApJ/668/94)"", ""value_kms"": 210.0}, ""leda_vdis"": {""details"": {""e_field"": ""e_vdis"", ""field"": ""vdis"", ""leda_obj"": ""PGC 52521""}, ""error_kms"": 14.1, ""method"": ""stellar absorption"", ""source"": ""HyperLEDA (ledacat.cgi)"", ""value_kms"": 197.2}}",1.5,0.04,,92.7088623046875,46.35443115234375,RC3 D25 via VizieR VII/155; proxy R_eff=0.5*R25,0.25
NGC 5861,N5861,73.51365368062892,112.15979439887336,,5.607989719943668,106.35570801387212,HyperLEDA HI (VII/238/hidat),HI proxy (calibrated_vmax),"{""hi_log2vm"": {""details"": {""log2vm"": 2.4719998836517334, ""mode"": ""calibrated_vmax"", ""pgc"": 54097}, ""error_kms"": null, ""method"": ""HI proxy (calibrated_vmax)"", ""source"": ""HyperLEDA HI (VII/238/hidat)"", ""value_kms"": 112.15979439887336}, ""leda_vrot_proxy"": {""details"": {""field"": ""vrot"", ""leda_obj"": ""PGC 54097"", ""vrot"": 158.5}, ""error_kms"": null, ""method"": ""vrot/1.7 proxy"", ""source"": ""HyperLEDA (ledacat.cgi)"", ""value_kms"": 93.23529411764706}}",1.5,0.04,,90.59855651855467,45.299278259277344,RC3 D25 via VizieR VII/155; proxy R_eff=0.5*R25,0.25
NGC 5917,N5917,72.56045021022214,54.47058823529411,,2.7235294117647055,53.09891753205199,HyperLEDA (ledacat.cgi),vrot/1.7 proxy,"{""leda_vrot_proxy"": {""details"": {""field"": ""vrot"", ""leda_obj"": ""PGC 54809"", ""vrot"": 92.6}, ""error_kms"": null, ""method"": ""vrot/1.7 proxy"", ""source"": ""HyperLEDA (ledacat.cgi)"", ""value_kms"": 54.470588235294116}}",1.5,0.04,,45.406829833984375,22.703414916992188,RC3 D25 via VizieR VII/155; proxy R_eff=0.5*R25,0.25
NGC 7250,N7250,61.81729570560621,41.8235294117647,,2.0911764705882354,40.5456510711402,HyperLEDA (ledacat.cgi),vrot/1.7 proxy,"{""leda_vrot_proxy"": {""details"": {""field"": ""vrot"", ""leda_obj"": ""PGC 214816"", ""vrot"": 71.1}, ""error_kms"": null, ""method"": ""vrot/1.7 proxy"", ""source"": ""HyperLEDA (ledacat.cgi)"", ""value_kms"": 41.8235294117647}}",1.5,0.04,,52.13402557373047,26.06701278686523,RC3 D25 via VizieR VII/155; proxy R_eff=0.5*R25,0.25
NGC 7329,N7329,68.38878695365918,123.70785110805046,,6.185392555402523,116.1236988515578,HyperLEDA HI (VII/238/hidat),HI proxy (calibrated_vmax),"{""hi_log2vm"": {""details"": {""log2vm"": 2.5390000343322754, ""mode"": ""calibrated_vmax"", ""pgc"": 69453}, ""error_kms"": null, ""method"": ""HI proxy (calibrated_vmax)"", ""source"": ""HyperLEDA HI (VII/238/hidat)"", ""value_kms"": 123.70785110805046}, ""leda_vrot_proxy"": {""details"": {""field"": ""vrot"", ""leda_obj"": ""PGC 69453"", ""vrot"": 250.9}, ""error_kms"": null, ""method"": ""vrot/1.7 proxy"", ""source"": ""HyperLEDA (ledacat.cgi)"", ""value_kms"": 147.58823529411765}}",1.5,0.04,,116.71355438232422,58.35677719116211,RC3 D25 via VizieR VII/155; proxy R_eff=0.5*R25,0.25
NGC 7541,N7541,74.38894742460884,64.4,34.6,34.74950934905413,60.73086512365201,HyperLEDA (ledacat.cgi),stellar absorption,"{""hi_log2vm"": {""details"": {""log2vm"": 2.5969998836517334, ""mode"": ""calibrated_vmax"", ""pgc"": 70795}, ""error_kms"": null, ""method"": ""HI proxy (calibrated_vmax)"", ""source"": ""HyperLEDA HI (VII/238/hidat)"", ""value_kms"": 135.24908105372592}, ""leda_vdis"": {""details"": {""e_field"": ""e_vdis"", ""field"": ""vdis"", ""leda_obj"": ""PGC 70795""}, ""error_kms"": 34.6, ""method"": ""stellar absorption"", ""source"": ""HyperLEDA (ledacat.cgi)"", ""value_kms"": 64.4}}",1.5,0.04,,104.02104949951172,52.01052474975586,RC3 D25 via VizieR VII/155; proxy R_eff=0.5*R25,0.25
NGC 7678,N7678,70.65732757345849,76.86814,3.770555,5.384130605369264,73.6325721323864,SDSS (astroquery.sdss),stellar absorption,"{""hi_log2vm"": {""details"": {""log2vm"": 2.4260001182556152, ""mode"": ""calibrated_vmax"", ""pgc"": 71534}, ""error_kms"": null, ""method"": ""HI proxy (calibrated_vmax)"", ""source"": ""HyperLEDA HI (VII/238/hidat)"", ""value_kms"": 105.20216677261547}, ""ho2007"": {""details"": {""T"": 4.900000095367432, ""Vm"": 168.0, ""W50"": null, ""bar"": ""Y"", ""catalog"": ""J/ApJ/668/94/sample"", ""name"": ""NGC 7678"", ""sep_arcsec"": 1.7691097044612893, ""sig0"": 107.30000305175781}, ""error_kms"": null, ""method"": ""stellar absorption"", ""source"": ""Ho 2007 (J/ApJ/668/94)"", ""value_kms"": 107.30000305175781}, ""leda_vdis"": {""details"": {""e_field"": ""e_vdis"", ""field"": ""vdis"", ""leda_obj"": ""PGC 71534""}, ""error_kms"": 43.0, ""method"": ""stellar absorption"", ""source"": ""HyperLEDA (ledacat.cgi)"", ""value_kms"": 102.3}, ""sdss"": {""details"": {""query_radius_arcsec"": 5.0, ""separation_arcsec"": 0.0407499412092767, ""z"": 11.72624}, ""error_kms"": 3.770555, ""method"": ""stellar absorption"", ""source"": ""SDSS (astroquery.sdss)"", ""value_kms"": 76.86814}}",1.5,0.04,,70.32686614990234,35.16343307495117,RC3 D25 via VizieR VII/155; proxy R_eff=0.5*R25,0.25
NGC 976,N976A,76.91050216782021,217.6444785764,18.1067775043,21.12529737606567,212.3592857687689,MNRAS 482:1427 (VizieR J/MNRAS/482/1427),stellar absorption,"{""hi_log2vm"": {""details"": {""log2vm"": 2.4590001106262207, ""mode"": ""calibrated_vmax"", ""pgc"": 9776}, ""error_kms"": null, ""method"": ""HI proxy (calibrated_vmax)"", ""source"": ""HyperLEDA HI (VII/238/hidat)"", ""value_kms"": 110.11827009843952}, ""leda_vrot_proxy"": {""details"": {""field"": ""vrot"", ""leda_obj"": ""PGC 9776"", ""vrot"": 405.0}, ""error_kms"": null, ""method"": ""vrot/1.7 proxy"", ""source"": ""HyperLEDA (ledacat.cgi)"", ""value_kms"": 238.23529411764707}, ""mnras482_1427"": {""details"": {""Name"": ""NGC0976"", ""SimbadName"": ""NGC0976"", ""Vdisp30"": 93.4793228935, ""Vdisp30Hd"": 217.6444785764, ""Vdisp5"": 134.5151034146, ""catalog"": ""J/MNRAS/482/1427/table1"", ""chosen"": ""Vdisp30Hd"", ""e_Vdisp30"": 15.2120536404, ""e_Vdisp30Hd"": 18.1067775043, ""e_Vdisp5"": 13.6025863507, ""sep_arcsec"": 0.009625649102166307}, ""error_kms"": 18.1067775043, ""method"": ""stellar absorption"", ""source"": ""MNRAS 482:1427 (VizieR J/MNRAS/482/1427)"", ""value_kms"": 217.6444785764}}",1.5,0.04,,44.37324523925781,22.186622619628903,RC3 D25 via VizieR VII/155; proxy R_eff=0.5*R25,0.25
UGC 9391,U9391,61.22703781426295,74.52721,27.37043,27.622928899029883,72.38331363393829,SDSS (astroquery.sdss),stellar absorption,"{""hi_log2vm"": {""details"": {""log2vm"": 2.003999948501587, ""mode"": ""calibrated_vmax"", ""pgc"": 52091}, ""error_kms"": null, ""method"": ""HI proxy (calibrated_vmax)"", ""source"": ""HyperLEDA HI (VII/238/hidat)"", ""value_kms"": 66.49705209544025}, ""leda_vrot_proxy"": {""details"": {""field"": ""vrot"", ""leda_obj"": ""PGC 52091"", ""vrot"": 75.7}, ""error_kms"": null, ""method"": ""vrot/1.7 proxy"", ""source"": ""HyperLEDA (ledacat.cgi)"", ""value_kms"": 44.529411764705884}, ""sdss"": {""details"": {""query_radius_arcsec"": 5.0, ""separation_arcsec"": 1.6939049318335226, ""z"": 14.54161}, ""error_kms"": 27.37043, ""method"": ""stellar absorption"", ""source"": ""SDSS (astroquery.sdss)"", ""value_kms"": 74.52721}}",1.5,0.04,,49.78761291503906,24.89380645751953,RC3 D25 via VizieR VII/155; proxy R_eff=0.5*R25,0.25
